--
-- PostgreSQL database dump
--

-- Dumped from database version 12.4
-- Dumped by pg_dump version 12.4

SET statement_timeout = 0;
SET lock_timeout = 0;
SET idle_in_transaction_session_timeout = 0;
SET client_encoding = 'UTF8';
SET standard_conforming_strings = on;
SELECT pg_catalog.set_config('search_path', '', false);
SET check_function_bodies = false;
SET xmloption = content;
SET client_min_messages = warning;
SET row_security = off;

SET default_tablespace = '';

SET default_table_access_method = heap;

--
-- Name: actor_movies; Type: TABLE; Schema: public; Owner: local-admin
--

CREATE TABLE public.actor_movies (
    actor_id integer NOT NULL,
    movie_id integer NOT NULL
);


ALTER TABLE public.actor_movies OWNER TO "local-admin";

--
-- Name: actors; Type: TABLE; Schema: public; Owner: local-admin
--

CREATE TABLE public.actors (
    id integer NOT NULL,
    name character varying NOT NULL,
    age integer,
    gender character varying
);


ALTER TABLE public.actors OWNER TO "local-admin";

--
-- Name: actors_id_seq; Type: SEQUENCE; Schema: public; Owner: local-admin
--

CREATE SEQUENCE public.actors_id_seq
    AS integer
    START WITH 1
    INCREMENT BY 1
    NO MINVALUE
    NO MAXVALUE
    CACHE 1;


ALTER TABLE public.actors_id_seq OWNER TO "local-admin";

--
-- Name: actors_id_seq; Type: SEQUENCE OWNED BY; Schema: public; Owner: local-admin
--

ALTER SEQUENCE public.actors_id_seq OWNED BY public.actors.id;


--
-- Name: alembic_version; Type: TABLE; Schema: public; Owner: local-admin
--

CREATE TABLE public.alembic_version (
    version_num character varying(32) NOT NULL
);


ALTER TABLE public.alembic_version OWNER TO "local-admin";

--
-- Name: movies; Type: TABLE; Schema: public; Owner: local-admin
--

CREATE TABLE public.movies (
    id integer NOT NULL,
    title character varying NOT NULL,
    release date
);


ALTER TABLE public.movies OWNER TO "local-admin";

--
-- Name: movies_id_seq; Type: SEQUENCE; Schema: public; Owner: local-admin
--

CREATE SEQUENCE public.movies_id_seq
    AS integer
    START WITH 1
    INCREMENT BY 1
    NO MINVALUE
    NO MAXVALUE
    CACHE 1;


ALTER TABLE public.movies_id_seq OWNER TO "local-admin";

--
-- Name: movies_id_seq; Type: SEQUENCE OWNED BY; Schema: public; Owner: local-admin
--

ALTER SEQUENCE public.movies_id_seq OWNED BY public.movies.id;


--
-- Name: actors id; Type: DEFAULT; Schema: public; Owner: local-admin
--

ALTER TABLE ONLY public.actors ALTER COLUMN id SET DEFAULT nextval('public.actors_id_seq'::regclass);


--
-- Name: movies id; Type: DEFAULT; Schema: public; Owner: local-admin
--

ALTER TABLE ONLY public.movies ALTER COLUMN id SET DEFAULT nextval('public.movies_id_seq'::regclass);


--
-- Data for Name: actor_movies; Type: TABLE DATA; Schema: public; Owner: local-admin
--

COPY public.actor_movies (actor_id, movie_id) FROM stdin;
1	2
1	4
5	1
2	1
6	3
4	3
3	2
\.


--
-- Data for Name: actors; Type: TABLE DATA; Schema: public; Owner: local-admin
--

COPY public.actors (id, name, age, gender) FROM stdin;
1	John Smith	45	M
2	Jane Rose	39	F
3	Francine Mary	29	F
4	Allison Frost	35	F
5	Billy Rise	23	M
6	Will Trave	42	M
\.


--
-- Data for Name: alembic_version; Type: TABLE DATA; Schema: public; Owner: local-admin
--

COPY public.alembic_version (version_num) FROM stdin;
b697539b05d8
\.


--
-- Data for Name: movies; Type: TABLE DATA; Schema: public; Owner: local-admin
--

COPY public.movies (id, title, release) FROM stdin;
1	False Names	2013-06-01
2	Wild Ride	2015-07-05
3	The Other End	2011-03-12
4	A Cold Summer	2018-08-20
\.


--
-- Name: actors_id_seq; Type: SEQUENCE SET; Schema: public; Owner: local-admin
--

SELECT pg_catalog.setval('public.actors_id_seq', 6, true);


--
-- Name: movies_id_seq; Type: SEQUENCE SET; Schema: public; Owner: local-admin
--

SELECT pg_catalog.setval('public.movies_id_seq', 4, true);


--
-- Name: actor_movies actor_movies_pkey; Type: CONSTRAINT; Schema: public; Owner: local-admin
--

ALTER TABLE ONLY public.actor_movies
    ADD CONSTRAINT actor_movies_pkey PRIMARY KEY (actor_id, movie_id);


--
-- Name: actors actors_pkey; Type: CONSTRAINT; Schema: public; Owner: local-admin
--

ALTER TABLE ONLY public.actors
    ADD CONSTRAINT actors_pkey PRIMARY KEY (id);


--
-- Name: alembic_version alembic_version_pkc; Type: CONSTRAINT; Schema: public; Owner: local-admin
--

ALTER TABLE ONLY public.alembic_version
    ADD CONSTRAINT alembic_version_pkc PRIMARY KEY (version_num);


--
-- Name: movies movies_pkey; Type: CONSTRAINT; Schema: public; Owner: local-admin
--

ALTER TABLE ONLY public.movies
    ADD CONSTRAINT movies_pkey PRIMARY KEY (id);


--
-- Name: actor_movies actor_movies_actor_id_fkey; Type: FK CONSTRAINT; Schema: public; Owner: local-admin
--

ALTER TABLE ONLY public.actor_movies
    ADD CONSTRAINT actor_movies_actor_id_fkey FOREIGN KEY (actor_id) REFERENCES public.actors(id);


--
-- Name: actor_movies actor_movies_movie_id_fkey; Type: FK CONSTRAINT; Schema: public; Owner: local-admin
--

ALTER TABLE ONLY public.actor_movies
    ADD CONSTRAINT actor_movies_movie_id_fkey FOREIGN KEY (movie_id) REFERENCES public.movies(id);


--
-- PostgreSQL database dump complete
--

